variable,count,mean,std,min,25%,50%,75%,max,original
dummy1,1000.0,-0.00026302721995809285,0.011308238980182768,-0.0315775768195649,-0.00837286008573375,-0.0004362469253944,0.0076505822234897245,0.0333283455373401,0.0094810693102402
dummy2,1000.0,-5.9724230119177876e-05,0.0112608353675164,-0.0403378815710588,-0.0080278395259032,9.029384021051474e-05,0.00760848098392715,0.0334839867527243,0.0122562725662955
x1,1000.0,-0.004796521441642696,2.935587705448526,-7.94848753866748,-2.0175231318961253,0.06704289965629945,1.8328267384759025,28.201069218582525,28.201069218582525
x2,1000.0,0.2601318932498659,8.054147326620233,-26.73563641619472,-5.0787208511330375,0.18746093814271456,5.3943902717893835,75.0510212425487,75.0510212425487
x3,1000.0,-0.01702858462754446,1.8818221742043912,-5.866633650021381,-1.2993389062991683,-0.0398744555480625,1.1395916947891516,17.75733128337118,17.75733128337118
